{"cameraMode":{"drawMode":0,"name":"Shaded","section":"Shading Mode"},"sceneLighting":true,"audioPlay":false,"sceneViewState":{"showFog":false,"showMaterialUpdate":false,"showSkybox":false,"showFlares":false,"showImageEffects":false,"showParticleSystems":true},"in2DMode":false,"pivot":{"x":353.02777099609377,"y":422.7625427246094,"z":-92.50382995605469},"rotation":{"x":-0.04348668083548546,"y":-0.0036005740985274317,"z":0.0001687247131485492,"w":-0.999066174030304},"size":389.8912353515625,"orthographic":false}